{"cameraMode":{"drawMode":0,"name":"Shaded","section":"Shading Mode"},"sceneLighting":true,"audioPlay":false,"sceneViewState":{"showFog":false,"showMaterialUpdate":false,"showSkybox":false,"showFlares":false,"showImageEffects":false,"showParticleSystems":true},"in2DMode":false,"pivot":{"x":-0.5761775970458984,"y":4.714204788208008,"z":0.15597152709960938},"rotation":{"x":-0.00030918180709704757,"y":-0.06834998726844788,"z":0.000021023724912083708,"w":-0.9976613521575928},"size":22.0,"orthographic":false}