{"cameraMode":{"drawMode":0,"name":"Shaded","section":"Shading Mode"},"sceneLighting":true,"audioPlay":false,"sceneViewState":{"showFog":true,"showMaterialUpdate":false,"showSkybox":true,"showFlares":true,"showImageEffects":true,"showParticleSystems":true},"in2DMode":false,"pivot":{"x":0.5299999713897705,"y":7.905331134796143,"z":3.9210000038146974},"rotation":{"x":0.12319466471672058,"y":-0.721973717212677,"z":0.1331353485584259,"w":0.6677214503288269},"size":10.784241676330567,"orthographic":true}